Sample,18S,Nosema,Transect.ID,Individual.ID,Year,Site,Visit,Site_Visit,Lat,Long,Date_Collected,Type,Family,Genus,Species,Code,Sex,Date_ID,ID_Initials,Dissection_Date,Dissect_Intials,Notes
2342,1,1,BP16B1N,BP16B1N-27,2016,BP,1,BP1,42.5732,-84.38707,8/10/2016,Bee,Apidae,Apis,mellifera,APME,Female,12/8/2016,MZ,5/1/2017,MZ,
2348,1,0,BP16B1N,BP16B1N-33,2016,BP,1,BP1,42.5732,-84.38707,8/10/2016,Bee,Apidae,Apis,mellifera,APME,Female,12/8/2016,MZ,5/1/2017,MZ,
2341,1,1,BP16B1N,BP16B1N-26,2016,BP,1,BP1,42.5732,-84.38707,8/10/2016,Bee,Apidae,Apis,mellifera,APME,Female,12/8/2016,MZ,5/17/2017,MZ,
2352,1,1,BP16B1N,BP16B1N-37,2016,BP,1,BP1,42.5732,-84.38707,8/10/2016,Bee,Apidae,Apis,mellifera,APME,Female,12/9/2016,MZ,5/17/2017,MZ,
2318,1,0,BP16A1N,BP16A1N-3,2016,BP,1,BP1,42.5732,-84.38707,8/10/2016,Bee,Apidae,Apis,mellifera,APME,Female,12/8/2016,MZ,6/22/2017,MZ,
2345,1,0,BP16B1N,BP16B1N-30,2016,BP,1,BP1,42.5732,-84.38707,8/10/2016,Bee,Apidae,Apis,mellifera,APME,Female,12/8/2016,MZ,6/19/2017,MZ,
2316,1,0,BP16A1N,BP16A1N-1,2016,BP,1,BP1,42.5732,-84.38707,8/10/2016,Bee,Apidae,Apis,mellifera,APME,Female,12/8/2016,MZ,7/6/2017,MZ,
2327,1,1,BP16A1N,BP16A1N-12,2016,BP,1,BP1,42.5732,-84.38707,8/10/2016,Bee,Apidae,Bombus,impatiens,BOIM,Female,12/8/2016,MZ,5/11/2017,MZ,
2336,1,1,BP16A1N,BP16A1N-21,2016,BP,1,BP1,42.5732,-84.38707,8/10/2016,Bee,Apidae,Bombus,impatiens,BOIM,Female,12/8/2016,MZ,5/17/2017,MZ,
2388,1,0,BP16D1N,BP16D1N-73,2016,BP,1,BP1,42.5732,-84.38707,8/10/2016,Bee,Apidae,Bombus,impatiens,BOIM,Female,12/13/2016,MZ,6/19/2017,MZ,
2373,1,1,BP16C1N,BP16C1N-58,2016,BP,1,BP1,42.5732,-84.38707,8/10/2016,Bee,Apidae,Bombus,impatiens,BOIM,Female,12/13/2016,MZ,6/19/2017,MZ,
2375,1,1,BP16C1N,BP16C1N-60,2016,BP,1,BP1,42.5732,-84.38707,8/10/2016,Bee,Apidae,Bombus,impatiens,BOIM,Female,12/13/2016,MZ,7/6/2017,MZ,
2358,1,1,BP16B1N,BP16B1N-43,2016,BP,1,BP1,42.5732,-84.38707,8/10/2016,Bee,Apidae,Bombus,impatiens,BOIM,Female,12/9/2016,MZ,7/6/2017,MZ,mite on underside of abdomen
2374,1,1,BP16C1N,BP16C1N-59,2016,BP,1,BP1,42.5732,-84.38707,8/10/2016,Bee,Apidae,Bombus,impatiens,BOIM,Female,12/13/2016,MZ,7/31/2017,MZ,
2379,1,1,BP16C1N,BP16C1N-64,2016,BP,1,BP1,42.5732,-84.38707,8/10/2016,Bee,Apidae,Bombus,impatiens,BOIM,Female,12/13/2016,MZ,7/31/2017,MZ,small individual; wings torn up around edges
4209,1,1,BP16C2N,BP16C2N-96,2016,BP,2,BP2,42.5732,-84.38707,8/26/2016,Bee,Apidae,Apis,mellifera,APME,Female,11/15/2016,MZ,5/2/2017,MZ,
4120,1,0,BP16A2N,BP16A2N-7,2016,BP,2,BP2,42.5732,-84.38707,8/26/2016,Bee,Apidae,Apis,mellifera,APME,Female,11/10/2016,MZ,5/18/2017,MZ,
4215,1,1,BP16C2N,BP16C2N-102,2016,BP,2,BP2,42.5732,-84.38707,8/26/2016,Bee,Apidae,Apis,mellifera,APME,Female,11/15/2016,MZ,6/19/2017,MZ,
4207,1,1,BP16C2N,BP16C2N-94,2016,BP,2,BP2,42.5732,-84.38707,8/26/2016,Bee,Apidae,Apis,mellifera,APME,Female,11/15/2016,MZ,6/27/2017,MZ,
4151,1,1,BP16B2N,BP16B2N-38,2016,BP,2,BP2,42.5732,-84.38707,8/26/2016,Bee,Apidae,Apis,mellifera,APME,Female,11/11/2016,MZ,7/17/2017,MZ,
4217,1,1,BP16C2N,BP16C2N-104,2016,BP,2,BP2,42.5732,-84.38707,8/26/2016,Bee,Apidae,Apis,mellifera,APME,Female,11/15/2016,MZ,7/17/2017,MZ,
4148,1,1,BP16B2N,BP16B2N-35,2016,BP,2,BP2,42.5732,-84.38707,8/26/2016,Bee,Apidae,Apis,mellifera,APME,Female,11/11/2016,MZ,7/17/2017,MZ,
4117,1,1,BP16A2N,BP16A2N-4,2016,BP,2,BP2,42.5732,-84.38707,8/26/2016,Bee,Apidae,Apis,mellifera,APME,Female,11/10/2016,MZ,7/17/2017,MZ,
4200,1,1,BP16B2N,BP16B2N-87,2016,BP,2,BP2,42.5732,-84.38707,8/26/2016,Bee,Apidae,Bombus,impatiens,BOIM,Female,11/11/2016,MZ,5/15/2017,MZ,
4173,1,1,BP16B2N,BP16B2N-60,2016,BP,2,BP2,42.5732,-84.38707,8/26/2016,Bee,Apidae,Bombus,impatiens,BOIM,Female,11/11/2016,MZ,5/15/2017,MZ,
4166,1,1,BP16B2N,BP16B2N-53,2016,BP,2,BP2,42.5732,-84.38707,8/26/2016,Bee,Apidae,Bombus,impatiens,BOIM,Female,11/11/2016,MZ,6/19/2017,MZ,
4222,1,1,BP16C2N,BP16C2N-109,2016,BP,2,BP2,42.5732,-84.38707,8/26/2016,Bee,Apidae,Bombus,impatiens,BOIM,Female,11/15/2016,MZ,6/27/2017,MZ,
4167,1,1,BP16B2N,BP16B2N-54,2016,BP,2,BP2,42.5732,-84.38707,8/26/2016,Bee,Apidae,Bombus,impatiens,BOIM,Female,11/11/2016,MZ,7/17/2017,MZ,
4237,1,1,BP16C2N,BP16C2N-124,2016,BP,2,BP2,42.5732,-84.38707,8/26/2016,Bee,Apidae,Bombus,impatiens,BOIM,Female,11/15/2016,MZ,7/31/2017,MZ,
4184,1,1,BP16B2N,BP16B2N-71,2016,BP,2,BP2,42.5732,-84.38707,8/26/2016,Bee,Apidae,Bombus,impatiens,BOIM,Female,11/11/2016,MZ,7/17/2017,MZ,
4137,1,1,BP16A2N,BP16A2N-24,2016,BP,2,BP2,42.5732,-84.38707,8/26/2016,Bee,Apidae,Bombus,impatiens,BOIM,Female,11/10/2016,MZ,7/31/2017,MZ,
2240,1,0,E16D1N,E16D1N-141,2016,E,1,E1,42.50159,-83.66593,7/27/2016,Bee,Apidae,Apis,mellifera,APME,Female,12/6/2016,MZ,5/1/2017,MZ,glob on corbicula is funky green color
2279,1,1,E16C1P,E16C1P-180,2016,E,1,E1,42.50159,-83.66593,7/27/2016,Bee,Apidae,Apis,mellifera,APME,Female,12/8/2016,MZ,5/1/2017,MZ,
2280,1,1,E16C1P,E16C1P-181,2016,E,1,E1,42.50159,-83.66593,7/27/2016,Bee,Apidae,Apis,mellifera,APME,Female,12/9/2016,MZ,5/17/2017,MZ,
2239,1,1,E16D1N,E16D1N-140,2016,E,1,E1,42.50159,-83.66593,7/27/2016,Bee,Apidae,Apis,mellifera,APME,Female,12/6/2016,MZ,5/17/2017,MZ,patch between thorax and abdomen - think it is just part of plant
2238,1,1,E16D1N,E16D1N-139,2016,E,1,E1,42.50159,-83.66593,7/27/2016,Bee,Apidae,Apis,mellifera,APME,Female,12/6/2016,MZ,6/19/2017,MZ,
2237,1,1,E16D1N,E16D1N-138,2016,E,1,E1,42.50159,-83.66593,7/27/2016,Bee,Apidae,Apis,mellifera,APME,Female,12/6/2016,MZ,6/19/2017,MZ,
2242,1,0,E16D1N,E16D1N-143,2016,E,1,E1,42.50159,-83.66593,7/27/2016,Bee,Apidae,Apis,mellifera,APME,Female,12/6/2016,MZ,6/22/2017,MZ,
2281,1,1,E16C1P,E16C1P-182,2016,E,1,E1,42.50159,-83.66593,7/27/2016,Bee,Apidae,Apis,mellifera,APME,Female,12/9/2016,MZ,7/31/2017,MZ,
2236,1,0,E16D1N,E16D1N-137,2016,E,1,E1,42.50159,-83.66593,7/27/2016,Bee,Apidae,Bombus,fervidus,BOFE,Female,12/6/2016,MZ,5/11/2017,MZ,
2232,1,0,E16D1N,E16D1N-133,2016,E,1,E1,42.50159,-83.66593,7/27/2016,Bee,Apidae,Bombus,bimaculatus,BOBI,Female,12/6/2016,MZ,5/17/2017,MZ,
2231,1,1,E16D1N,E16D1N-132,2016,E,1,E1,42.50159,-83.66593,7/27/2016,Bee,Apidae,Bombus,pensylvanicus,BOPE,Female,12/2/2016,MZ,6/19/2017,MZ,Queen
2233,1,0,E16D1N,E16D1N-134,2016,E,1,E1,42.50159,-83.66593,7/27/2016,Bee,Apidae,Bombus,impatiens,BOIM,Female,12/6/2016,MZ,6/22/2017,MZ,Attached to spider
2234,1,0,E16D1N,E16D1N-135,2016,E,1,E1,42.50159,-83.66593,7/27/2016,Bee,Apidae,Bombus,impatiens,BOIM,Female,12/6/2016,MZ,7/31/2017,MZ,
3473,1,1,E16D2N,E16D2N-114,2016,E,2,E2,42.50159,-83.66593,8/22/2016,Bee,Apidae,Apis,mellifera,APME,Female,11/29/2016,MZ,5/2/2017,MZ,specimen badly damaged - head
3486,1,0,E16C2P,E16C2P-127,2016,E,2,E2,42.50159,-83.66593,8/22/2016,Bee,Apidae,Apis,mellifera,APME,Female,12/1/2016,MZ,5/2/2017,MZ,
3467,1,0,E16D2N,E16D2N-108,2016,E,2,E2,42.50159,-83.66593,8/22/2016,Bee,Apidae,Apis,mellifera,APME,Female,11/29/2016,MZ,5/2/2017,MZ,
3471,1,0,E16D2N,E16D2N-112,2016,E,2,E2,42.50159,-83.66593,8/22/2016,Bee,Apidae,Apis,mellifera,APME,Female,11/29/2016,MZ,6/19/2017,MZ,
3392,1,0,E16B2N,E16B2N-33,2016,E,2,E2,42.50159,-83.66593,8/22/2016,Bee,Apidae,Bombus,impatiens,BOIM,Female,11/17/2016,MZ,5/17/2017,MZ,
3397,1,1,E16B2N,E16B2N-38,2016,E,2,E2,42.50159,-83.66593,8/22/2016,Bee,Apidae,Bombus,impatiens,BOIM,Female,11/17/2016,MZ,5/17/2017,MZ,
3425,1,0,E16C2N,E16C2N-66,2016,E,2,E2,42.50159,-83.66593,8/22/2016,Bee,Apidae,Bombus,impatiens,BOIM,Female,11/17/2016,MZ,5/15/2017,MZ,
3015,1,0,GT16D1N,GT16D1N-123,2016,GT,1,GT1,42.32644,-83.70953,8/17/2016,Bee,Apidae,Apis,mellifera,APME,Female,11/30/2016,MF,6/19/2017,MZ,
2915,1,0,GT16B1N,GT16B1N-22,2016,GT,1,GT1,42.32644,-83.70953,8/17/2016,Bee,Apidae,Apis,mellifera,APME,Female,11/3/2016,ECC,6/19/2017,MZ,large orange lump on thorax
2934,1,0,GT16B1N,GT16B1N-41,2016,GT,1,GT1,42.32644,-83.70953,8/17/2016,Bee,Apidae,Bombus,impatiens,BOIM,Female,11/3/2016,ECC,5/11/2017,MZ,
2974,1,1,GT16C1N,GT16C1N-81,2016,GT,1,GT1,42.32644,-83.70953,8/17/2016,Bee,Apidae,Bombus,impatiens,BOIM,Female,11/10/2016,ECC,6/22/2017,MZ,
4075,1,1,GT16C2P,GT16C2P-177,2016,GT,2,GT2,42.32644,-83.70953,8/24/2016,Bee,Apidae,Apis,mellifera,APME,Female,11/16/2016,MF,7/17/2017,MZ,
3952,1,1,GT16B2N,GT16B2N-55,2016,GT,2,GT2,42.32644,-83.70953,8/24/2016,Bee,Apidae,Bombus,impatiens,BOIM,Female,10/21/2016,MZ,5/2/2017,MZ,
3985,1,1,GT16C2N,GT16C2N-88,2016,GT,2,GT2,42.32644,-83.70953,8/24/2016,Bee,Apidae,Bombus,impatiens,BOIM,Female,11/20/2016,MF,5/15/2017,MZ,
2235,1,1,E16D1N,E16D1N-136,2016,E,1,E1,42.50159,-83.66593,7/27/2016,Bee,Apidae,Bombus,impatiens,BOIM,Female,12/6/2016,MZ,6/19/2017,MZ,Individual is small
2203,1,0,E16C1N,E16C1N-104,2016,E,1,E1,42.50159,-83.66593,7/27/2016,Bee,Apidae,Bombus,impatiens,BOIM,Female,12/2/2016,MZ,7/31/2017,MZ,
3461,1,1,E16D2N,E16D2N-102,2016,E,2,E2,42.50159,-83.66593,8/22/2016,Bee,Apidae,Apis,mellifera,APME,Female,11/29/2016,MZ,5/18/2017,MZ,
3454,1,1,E16D2N,E16D2N-95,2016,E,2,E2,42.50159,-83.66593,8/22/2016,Bee,Apidae,Apis,mellifera,APME,Female,11/29/2016,MZ,5/15/2017,MZ,
3469,1,0,E16D2N,E16D2N-110,2016,E,2,E2,42.50159,-83.66593,8/22/2016,Bee,Apidae,Apis,mellifera,APME,Female,11/29/2016,MZ,6/27/2017,MZ,
3453,1,1,E16D2N,E16D2N-94,2016,E,2,E2,42.50159,-83.66593,8/22/2016,Bee,Apidae,Apis,mellifera,APME,Female,11/29/2016,MZ,7/6/2017,MZ,
3393,1,1,E16B2N,E16B2N-34,2016,E,2,E2,42.50159,-83.66593,8/22/2016,Bee,Apidae,Bombus,impatiens,BOIM,Female,11/17/2016,MZ,5/2/2017,MZ,
3367,1,1,E16A2N,E16A2N-8,2016,E,2,E2,42.50159,-83.66593,8/22/2016,Bee,Apidae,Bombus,impatiens,BOIM,Female,11/17/2016,MZ,5/2/2017,MZ,
3420,1,1,E16C2N,E16C2N-61,2016,E,2,E2,42.50159,-83.66593,8/22/2016,Bee,Apidae,Bombus,impatiens,BOIM,Female,11/17/2016,MZ,5/18/2017,MZ,
3443,1,0,E16D2N,E16D2N-84,2016,E,2,E2,42.50159,-83.66593,8/22/2016,Bee,Apidae,Bombus,impatiens,BOIM,Female,11/29/2016,MZ,7/6/2017,MZ,
3441,1,0,E16D2N,E16D2N-82,2016,E,2,E2,42.50159,-83.66593,8/22/2016,Bee,Apidae,Bombus,impatiens,BOIM,Female,11/17/2016,MZ,7/31/2017,MZ,
2956,1,1,GT16C1N,GT16C1N-63,2016,GT,1,GT1,42.32644,-83.70953,8/17/2016,Bee,Apidae,Apis,mellifera,APME,Female,11/9/2016,ECC,5/2/2017,MZ,
2961,1,1,GT16C1N,GT16C1N-68,2016,GT,1,GT1,42.32644,-83.70953,8/17/2016,Bee,Apidae,Apis,mellifera,APME,Female,11/9/2016,ECC,5/11/2017,MZ,large orange lump on thorax( thorax section swelling up like a balloon)
3007,1,0,GT16D1N,GT16D1N-115,2016,GT,1,GT1,42.32644,-83.70953,8/17/2016,Bee,Apidae,Apis,mellifera,APME,Female,11/30/2016,MF,5/11/2017,MZ,
2964,1,0,GT16C1N,GT16C1N-71,2016,GT,1,GT1,42.32644,-83.70953,8/17/2016,Bee,Apidae,Apis,mellifera,APME,Female,11/9/2016,ECC,6/22/2017,MZ,
2982,1,0,GT16C1N,GT16C1N-89,2016,GT,1,GT1,42.32644,-83.70953,8/17/2016,Bee,Apidae,Bombus,impatiens,BOIM,Female,11/10/2016,ECC,5/11/2017,MZ,
3005,1,1,GT16D1N,GT16D1N-113,2016,GT,1,GT1,42.32644,-83.70953,8/17/2016,Bee,Apidae,Bombus,impatiens,BOIM,Female,11/30/2016,MF,5/17/2017,MZ,
2933,1,1,GT16B1N,GT16B1N-40,2016,GT,1,GT1,42.32644,-83.70953,8/17/2016,Bee,Apidae,Bombus,impatiens,BOIM,Female,11/3/2016,ECC,5/17/2017,MZ,
2936,1,1,GT16B1N,GT16B1N-43,2016,GT,1,GT1,42.32644,-83.70953,8/17/2016,Bee,Apidae,Bombus,impatiens,BOIM,Female,11/3/2016,ECC,7/6/2017,MZ,
2981,1,0,GT16C1N,GT16C1N-88,2016,GT,1,GT1,42.32644,-83.70953,8/17/2016,Bee,Apidae,Bombus,impatiens,BOIM,Female,11/10/2016,ECC,7/6/2017,MZ,
2940,1,0,GT16B1N,GT16B1N-47,2016,GT,1,GT1,42.32644,-83.70953,8/17/2016,Bee,Apidae,Bombus,impatiens,BOIM,Female,11/3/2016,ECC,7/6/2017,MZ,fly found in same tube as bee
3926,1,1,GT16B2N,GT16B2N-29,2016,GT,2,GT2,42.32644,-83.70953,8/24/2016,Bee,Apidae,Apis,mellifera,APME,Female,10/20/2016,MZ,5/18/2017,MZ,
3980,1,1,GT16C2N,GT16C2N-83,2016,GT,2,GT2,42.32644,-83.70953,8/24/2016,Bee,Apidae,Apis,mellifera,APME,Female,10/21/2016,MZ,5/15/2017,MZ,
4004,1,1,GT16D2N,GT16D2N-106,2016,GT,2,GT2,42.32644,-83.70953,8/24/2016,Bee,Apidae,Apis,mellifera,APME,Female,11/20/2016,MF,7/31/2017,MZ,
3957,1,0,GT16B2N,GT16B2N-60,2016,GT,2,GT2,42.32644,-83.70953,8/24/2016,Bee,Apidae,Bombus,impatiens,BOIM,Female,10/21/2016,MZ,5/2/2017,MZ,
2354,1,1,BP16B1N,BP16B1N-39,2016,BP,1,BP1,42.5732,-84.38707,8/10/2016,Bee,Apidae,Apis,mellifera,APME,Female,12/9/2016,MZ,7/6/2017,MZ,wings torn up on edges
2963,1,1,GT16C1N,GT16C1N-70,2016,GT,1,GT1,42.32644,-83.70953,8/17/2016,Bee,Apidae,Apis,mellifera,APME,Female,11/9/2016,ECC,7/31/2017,MZ,
4019,1,1,GT16D2N,GT16D2N-121,2016,GT,2,GT2,42.32644,-83.70953,8/24/2016,Bee,Apidae,Apis,mellifera,APME,Female,11/20/2016,MF,5/18/2017,MZ,
3949,1,1,GT16B2N,GT16B2N-52,2016,GT,2,GT2,42.32644,-83.70953,8/24/2016,Bee,Apidae,Bombus,impatiens,BOIM,Female,10/21/2016,MZ,6/19/2017,MZ,
3923,1,1,GT16A2N,GT16A2N-26,2016,GT,2,GT2,42.32644,-83.70953,8/24/2016,Bee,Apidae,Bombus,impatiens,BOIM,Female,10/20/2016,MZ,6/30/2017,MZ,Replacement for 3911
3934,1,0,GT16B2N,GT16B2N-37,2016,GT,2,GT2,42.32644,-83.70953,8/24/2016,Bee,Apidae,Bombus,impatiens,BOIM,Female,10/20/2016,MZ,7/11/2017,MZ,
3986,1,0,GT16C2N,GT16C2N-89,2016,GT,2,GT2,42.32644,-83.70953,8/24/2016,Bee,Apidae,Bombus,impatiens,BOIM,Female,11/20/2016,MF,7/31/2017,MZ,
3295,1,1,K16C1N,K16C1N-46,2016,K,1,K1,41.95222,-83.92257,8/21/2016,Bee,Apidae,Apis,mellifera,APME,Female,11/18/2016,MZ,5/2/2017,MZ,fly and mite found in tube
3321,1,1,K16D1N,K16D1N-72,2016,K,1,K1,41.95222,-83.92257,8/21/2016,Bee,Apidae,Apis,mellifera,APME,Female,11/18/2016,MZ,5/2/2017,MZ,
3297,1,0,K16C1N,K16C1N-48,2016,K,1,K1,41.95222,-83.92257,8/21/2016,Bee,Apidae,Apis,mellifera,APME,Female,11/18/2016,MZ,7/6/2017,MZ,
3280,1,0,K16B1N,K16B1N-31,2016,K,1,K1,41.95222,-83.92257,8/21/2016,Bee,Apidae,Bombus,impatiens,BOIM,Female,11/18/2016,MZ,5/17/2017,MZ,
3294,1,0,K16C1N,K16C1N-45,2016,K,1,K1,41.95222,-83.92257,8/21/2016,Bee,Apidae,Bombus,impatiens,BOIM,Female,11/18/2016,MZ,5/15/2017,MZ,no hair on T1-T3
3266,1,1,K16A1N,K16A1N-17,2016,K,1,K1,41.95222,-83.92257,8/21/2016,Bee,Apidae,Bombus,impatiens,BOIM,Female,11/18/2016,MZ,7/6/2017,MZ,
3287,1,1,K16B1N,K16B1N-38,2016,K,1,K1,41.95222,-83.92257,8/21/2016,Bee,Apidae,Bombus,impatiens,BOIM,Female,11/18/2016,MZ,6/22/2017,MZ,
3285,1,1,K16B1N,K16B1N-36,2016,K,1,K1,41.95222,-83.92257,8/21/2016,Bee,Apidae,Bombus,impatiens,BOIM,Female,11/18/2016,MZ,7/6/2017,MZ,
3327,1,1,K16D1N,K16D1N-78,2016,K,1,K1,41.95222,-83.92257,8/21/2016,Bee,Apidae,Bombus,impatiens,BOIM,Female,11/22/2016,MZ,7/31/2017,MZ,
3268,1,0,K16A1N,K16A1N-19,2016,K,1,K1,41.95222,-83.92257,8/21/2016,Bee,Apidae,Bombus,impatiens,BOIM,Female,11/18/2016,MZ,7/31/2017,MZ,
4393,1,0,K16D2N,K16D2N-93,2016,K,2,K2,41.95222,-83.92257,8/28/2016,Bee,Apidae,Apis,mellifera,APME,Female,11/7/2016,MF,5/15/2017,MZ,
4321,1,0,K16B2N,K16B2N-21,2016,K,2,K2,41.95222,-83.92257,8/28/2016,Bee,Apidae,Apis,mellifera,APME,Female,11/11/2016,MF,6/19/2017,MZ,
4431,1,1,K16D2N,K16D2N-131,2016,K,2,K2,41.95222,-83.92257,8/28/2016,Bee,Apidae,Apis,mellifera,APME,Female,10/28/2016,MF,6/19/2017,MZ,
4320,1,1,K16B2N,K16B2N-20,2016,K,2,K2,41.95222,-83.92257,8/28/2016,Bee,Apidae,Apis,mellifera,APME,Female,11/11/2016,MF,6/27/2017,MZ,
4322,1,1,K16B2N,K16B2N-22,2016,K,2,K2,41.95222,-83.92257,8/28/2016,Bee,Apidae,Apis,mellifera,APME,Female,11/11/2016,MF,7/17/2017,MZ,
4338,1,1,K16B2N,K16B2N-38,2016,K,2,K2,41.95222,-83.92257,8/28/2016,Bee,Apidae,Bombus,impatiens,BOIM,Female,11/11/2016,MF,5/18/2017,MZ,
4351,1,1,K16C2N,K16C2N-51,2016,K,2,K2,41.95222,-83.92257,8/28/2016,Bee,Apidae,Bombus,impatiens,BOIM,Female,11/4/2016,MF,5/15/2017,MZ,
4350,1,0,K16C2N,K16C2N-50,2016,K,2,K2,41.95222,-83.92257,8/28/2016,Bee,Apidae,Bombus,impatiens,BOIM,Female,11/4/2016,MF,6/19/2017,MZ,mite on hind leg
4353,1,1,K16C2N,K16C2N-53,2016,K,2,K2,41.95222,-83.92257,8/28/2016,Bee,Apidae,Bombus,impatiens,BOIM,Female,11/4/2016,MF,6/27/2017,MZ,
4335,1,0,K16B2N,K16B2N-35,2016,K,2,K2,41.95222,-83.92257,8/28/2016,Bee,Apidae,Bombus,impatiens,BOIM,Female,11/11/2016,MF,8/3/2017,MZ,
4319,1,0,K16A2N,K16A2N-19,2016,K,2,K2,41.95222,-83.92257,8/28/2016,Bee,Apidae,Bombus,impatiens,BOIM,Female,11/11/2016,MF,7/31/2017,MZ,
4337,1,0,K16B2N,K16B2N-37,2016,K,2,K2,41.95222,-83.92257,8/28/2016,Bee,Apidae,Bombus,impatiens,BOIM,Female,11/11/2016,MF,8/3/2017,MZ,
4355,1,1,K16C2N,K16C2N-55,2016,K,2,K2,41.95222,-83.92257,8/28/2016,Bee,Apidae,Bombus,impatiens,BOIM,Female,11/4/2016,MF,8/3/2017,MZ,
2476,1,0,PL16A1N,PL16A1N-2,2016,PL,1,PL1,42.33729,-83.55478,8/11/2016,Bee,Apidae,Apis,mellifera,APME,Female,12/1/2016,ECC,5/1/2017,MZ,
2533,1,1,PL16D1N,PL16D1N-59,2016,PL,1,PL1,42.33729,-83.55478,8/11/2016,Bee,Apidae,Apis,mellifera,APME,Female,12/7/2016,ECC,5/2/2017,MZ,found with mite (very small and almot clear) and also peice of leg excoskeleton?
2475,1,0,PL16A1N,PL16A1N-1,2016,PL,1,PL1,42.33729,-83.55478,8/11/2016,Bee,Apidae,Apis,mellifera,APME,Female,12/1/2016,ECC,5/1/2017,MZ,found with flower
2534,1,1,PL16D1N,PL16D1N-60,2016,PL,1,PL1,42.33729,-83.55478,8/11/2016,Bee,Apidae,Apis,mellifera,APME,Female,12/8/2016,ECC,5/11/2017,MZ,
2604,1,1,PL16C1P,PL16C1P-130,2016,PL,1,PL1,42.33729,-83.55478,8/11/2016,Bee,Apidae,Apis,mellifera,APME,Female,12/7/2016,MF,5/17/2017,MZ,
2499,1,1,PL16B1N,PL16B1N-25,2016,PL,1,PL1,42.33729,-83.55478,8/11/2016,Bee,Apidae,Apis,mellifera,APME,Female,12/7/2016,ECC,5/17/2017,MZ,
2602,1,1,PL16C1P,PL16C1P-128,2016,PL,1,PL1,42.33729,-83.55478,8/11/2016,Bee,Apidae,Apis,mellifera,APME,Female,12/7/2016,MF,6/22/2017,MZ,
2554,1,0,PL16A1P,PL16A1P-80,2016,PL,1,PL1,42.33729,-83.55478,8/11/2016,Bee,Apidae,Apis,mellifera,APME,Female,12/7/2016,MF,7/6/2017,MZ,
2540,1,1,PL16D1N,PL16D1N-66,2016,PL,1,PL1,42.33729,-83.55478,8/11/2016,Bee,Apidae,Bombus,impatiens,BOIM,Female,12/8/2016,ECC,5/17/2017,MZ,
2493,1,0,PL16A1N,PL16A1N-19,2016,PL,1,PL1,42.33729,-83.55478,8/11/2016,Bee,Apidae,Bombus,impatiens,BOIM,Female,12/7/2016,ECC,6/19/2017,MZ,
2494,1,0,PL16A1N,PL16A1N-20,2016,PL,1,PL1,42.33729,-83.55478,8/11/2016,Bee,Apidae,Bombus,impatiens,BOIM,Female,12/7/2016,ECC,6/22/2017,MZ,
2496,1,1,PL16A1N,PL16A1N-22,2016,PL,1,PL1,42.33729,-83.55478,8/11/2016,Bee,Apidae,Bombus,impatiens,BOIM,Female,12/7/2016,ECC,7/6/2017,MZ,insect larva (red colored) found halfway imbedded into pollen clump on bees' leg
2497,1,1,PL16A1N,PL16A1N-23,2016,PL,1,PL1,42.33729,-83.55478,8/11/2016,Bee,Apidae,Bombus,impatiens,BOIM,Female,12/7/2016,ECC,7/6/2017,MZ,
2491,1,1,PL16A1N,PL16A1N-17,2016,PL,1,PL1,42.33729,-83.55478,8/11/2016,Bee,Apidae,Bombus,impatiens,BOIM,Female,12/7/2016,ECC,5/11/2017,MZ,
2492,1,1,PL16A1N,PL16A1N-18,2016,PL,1,PL1,42.33729,-83.55478,8/11/2016,Bee,Apidae,Bombus,impatiens,BOIM,Female,12/7/2016,ECC,5/2/2017,MZ,
4649,1,1,PL16D2N,PL16D2N-167,2016,PL,2,PL2,42.33729,-83.55478,8/30/2016,Bee,Apidae,Apis,mellifera,APME,Female,10/12/2016,MF,5/15/2017,MZ,
4663,1,1,PL16D2N,PL16D2N-181,2016,PL,2,PL2,42.33729,-83.55478,8/30/2016,Bee,Apidae,Apis,mellifera,APME,Female,10/17/2016,MF,5/18/2017,MZ,
4532,1,1,PL16B2N,PL16B2N-51,2016,PL,2,PL2,42.33729,-83.55478,8/30/2016,Bee,Apidae,Apis,mellifera,APME,Female,9/28/2016,MF,6/20/2017,MZ,
4664,1,1,PL16D2N,PL16D2N-182,2016,PL,2,PL2,42.33729,-83.55478,8/30/2016,Bee,Apidae,Apis,mellifera,APME,Female,10/17/2016,MF,6/20/2017,MZ,
4669,1,1,PL16D2N,PL16D2N-187,2016,PL,2,PL2,42.33729,-83.55478,8/30/2016,Bee,Apidae,Apis,mellifera,APME,Female,10/17/2016,MF,6/29/2017,MZ,
4550,1,1,PL16B2N,PL16B2N-69,2016,PL,2,PL2,42.33729,-83.55478,8/30/2016,Bee,Apidae,Apis,mellifera,APME,Female,9/28/2016,MF,9/22/2017,MZ,
4487,1,1,PL16A2N,PL16A2N-6,2016,PL,2,PL2,42.33729,-83.55478,8/30/2016,Bee,Apidae,Apis,mellifera,APME,Female,9/28/2016,MF,7/17/2017,MZ,
4668,1,1,PL16D2N,PL16D2N-186,2016,PL,2,PL2,42.33729,-83.55478,8/30/2016,Bee,Apidae,Apis,mellifera,APME,Female,10/17/2016,MF,7/17/2017,MZ,
4624,1,1,PL16C2N,PL16C2N-143,2016,PL,2,PL2,42.33729,-83.55478,8/30/2016,Bee,Apidae,Bombus,impatiens,BOIM,Female,10/12/2016,MF,5/2/2017,MZ,
4501,1,1,PL16A2N,PL16A2N-20,2016,PL,2,PL2,42.33729,-83.55478,8/30/2016,Bee,Apidae,Bombus,impatiens,BOIM,Female,9/28/2016,MF,5/2/2017,MZ,
4612,1,1,PL16C2N,PL16C2N-131,2016,PL,2,PL2,42.33729,-83.55478,8/30/2016,Bee,Apidae,Bombus,impatiens,BOIM,Female,10/12/2016,MF,5/2/2017,MZ,
4513,1,1,PL16A2N,PL16A2N-32,2016,PL,2,PL2,42.33729,-83.55478,8/30/2016,Bee,Apidae,Bombus,impatiens,BOIM,Female,9/28/2016,MF,6/20/2017,MZ,
4527,1,1,PL16A2N,PL16A2N-46,2016,PL,2,PL2,42.33729,-83.55478,8/30/2016,Bee,Apidae,Bombus,impatiens,BOIM,Female,9/28/2016,MF,6/29/2017,MZ,mites between thorax and abdomen
4496,1,1,PL16A2N,PL16A2N-15,2016,PL,2,PL2,42.33729,-83.55478,8/30/2016,Bee,Apidae,Bombus,impatiens,BOIM,Female,9/28/2016,MF,6/27/2017,MZ,
4518,1,1,PL16A2N,PL16A2N-37,2016,PL,2,PL2,42.33729,-83.55478,8/30/2016,Bee,Apidae,Bombus,impatiens,BOIM,Female,9/28/2016,MF,6/29/2017,MZ,mite between thorax and abdomen
4625,1,1,PL16C2N,PL16C2N-144A,2016,PL,2,PL2,42.33729,-83.55478,8/30/2016,Bee,Apidae,Bombus,impatiens,BOIM,Female,10/12/2016,MF,8/3/2017,MZ,
1749,1,1,PR16A1N,PR16A1N-2,2016,PR,1,PR1,42.84507,-84.37847,7/26/2016,Bee,Apidae,Bombus,impatiens,BOIM,Female,12/8/2016,ECC,5/1/2017,MZ,
1764,1,0,PR16B1N,PR16B1N-17,2016,PR,1,PR1,42.84507,-84.37847,7/26/2016,Bee,Apidae,Bombus,impatiens,BOIM,Female,12/8/2016,ECC,7/6/2017,MZ,
3723,1,1,PR16D2N,PR16D2N-229,2016,PR,2,PR2,42.84507,-84.37847,8/23/2016,Bee,Apidae,Apis,mellifera,APME,Female,11/1/2016,MZ,5/18/2017,MZ,
3743,1,0,PR16D2N,PR16D2N-249,2016,PR,2,PR2,42.84507,-84.37847,8/23/2016,Bee,Apidae,Apis,mellifera,APME,Female,11/1/2016,MZ,6/19/2017,MZ,
3687,1,0,PR16D2N,PR16D2N-187,2016,PR,2,PR2,42.84507,-84.37847,8/23/2016,Bee,Apidae,Apis,mellifera,APME,Female,10/28/2016,MZ,7/11/2017,MZ,
3739,1,1,PR16D2N,PR16D2N-245,2016,PR,2,PR2,42.84507,-84.37847,8/23/2016,Bee,Apidae,Apis,mellifera,APME,Female,11/1/2016,MZ,6/27/2017,MZ,
3805,1,1,PR16D2N,PR16D2N-311,2016,PR,2,PR2,42.84507,-84.37847,8/23/2016,Bee,Apidae,Apis,mellifera,APME,Female,11/8/2016,MZ,7/11/2017,MZ,Red spider also found in tube
3810,1,1,PR16D2N,PR16D2N-316,2016,PR,2,PR2,42.84507,-84.37847,8/23/2016,Bee,Apidae,Apis,mellifera,APME,Female,11/8/2016,MZ,9/15/2017,MZ,
3751,1,0,PR16D2N,PR16D2N-257,2016,PR,2,PR2,42.84507,-84.37847,8/23/2016,Bee,Apidae,Apis,mellifera,APME,Female,11/1/2016,MZ,7/11/2017,MZ,
3567,1,1,PR16B2N,PR16B2N-73,2016,PR,2,PR2,42.84507,-84.37847,8/23/2016,Bee,Apidae,Bombus,impatiens,BOIM,Female,10/27/2016,MZ,5/2/2017,MZ,
3551,1,1,PR16A2N,PR16A2N-57,2016,PR,2,PR2,42.84507,-84.37847,8/23/2016,Bee,Apidae,Bombus,impatiens,BOIM,Female,10/25/2016,MZ,5/15/2017,MZ,
3597,1,0,PR16B2N,PR16B2N-103,2016,PR,2,PR2,42.84507,-84.37847,8/23/2016,Bee,Apidae,Bombus,impatiens,BOIM,Female,10/27/2016,MZ,6/19/2017,MZ,
3604,1,1,PR16B2N,PR16B2N-110,2016,PR,2,PR2,42.84507,-84.37847,8/23/2016,Bee,Apidae,Bombus,impatiens,BOIM,Female,10/28/2016,MZ,6/19/2017,MZ,
3575,1,1,PR16B2N,PR16B2N-81,2016,PR,2,PR2,42.84507,-84.37847,8/23/2016,Bee,Apidae,Bombus,impatiens,BOIM,Female,10/27/2016,MZ,7/11/2017,MZ,
3664,1,0,PR16C2N,PR16C2N-170,2016,PR,2,PR2,42.84507,-84.37847,8/23/2016,Bee,Apidae,Bombus,impatiens,BOIM,Female,10/28/2016,MZ,7/31/2017,MZ,
3635,1,0,PR16C2N,PR16C2N-141,2016,PR,2,PR2,42.84507,-84.37847,8/23/2016,Bee,Apidae,Bombus,impatiens,BOIM,Female,10/28/2016,MZ,7/31/2017,MZ,
3636,1,0,PR16C2N,PR16C2N-142,2016,PR,2,PR2,42.84507,-84.37847,8/23/2016,Bee,Apidae,Bombus,impatiens,BOIM,Female,10/28/2016,MZ,7/31/2017,MZ,
2775,1,1,SP16D1N,SP16D1N-122,2016,SP,1,SP1,42.6814978,-83.75498721,8/14/2016,Bee,Apidae,Apis,mellifera,APME,Female,12/5/2016,MF,5/2/2017,MZ,
2655,1,1,SP16A1N,SP16A1N-2,2016,SP,1,SP1,42.6814978,-83.75498721,8/14/2016,Bee,Apidae,Apis,mellifera,APME,Female,11/17/2016,ECC,5/11/2017,MZ,
2656,1,1,SP16A1N,SP16A1N-3,2016,SP,1,SP1,42.6814978,-83.75498721,8/14/2016,Bee,Apidae,Apis,mellifera,APME,Female,11/17/2016,ECC,5/11/2017,MZ,That orange lump on thorax again
2738,1,1,SP16D1N,SP16D1N-85,2016,SP,1,SP1,42.6814978,-83.75498721,8/14/2016,Bee,Apidae,Apis,mellifera,APME,Female,12/5/2016,MF,6/19/2017,MZ,
2776,1,0,SP16D1N,SP16D1N-123,2016,SP,1,SP1,42.6814978,-83.75498721,8/14/2016,Bee,Apidae,Apis,mellifera,APME,Female,12/5/2016,MF,6/22/2017,MZ,
2516,NA,1,PL16C1N,PL16C1N-42,2016,PL,1,PL1,42.33729,-83.55478,8/11/2016,Bee,Apidae,Apis,mellifera,APME,Female,12/7/2017,ECC,6/22/2017,MZ,
2532,NA,1,PL16D1N,PL16D1N-58,2016,PL,1,PL1,42.33729,-83.55478,8/11/2016,Bee,Apidae,Apis,mellifera,APME,Female,12/7/2016,ECC,9/15/2017,MZ,wings heavily frayed at ends
2498,NA,0,PL16B1N,PL16B1N-24,2016,PL,1,PL1,42.33729,-83.55478,8/11/2016,Bee,Apidae,Apis,mellifera,APME,Female,12/7/2016,ECC,6/19/2017,MZ,found with flower
2543,NA,1,PL16D1N,PL16D1N-69,2016,PL,1,PL1,42.33729,-83.55478,8/11/2016,Bee,Apidae,Bombus,impatiens,BOIM,Female,12/8/2016,ECC,5/11/2017,MZ,
2500,NA,0,PL16B1N,PL16B1N-26,2016,PL,1,PL1,42.33729,-83.55478,8/11/2016,Bee,Apidae,Bombus,impatiens,BOIM,Female,12/7/2016,ECC,6/19/2017,MZ,
4483,NA,1,PL16A2N,PL16A2N-2,2016,PL,2,PL2,42.33729,-83.55478,8/30/2016,Bee,Apidae,Apis,mellifera,APME,Female,9/28/2016,MF,6/20/2017,MZ,
4574,NA,1,PL16C2N,PL16C2N-93,2016,PL,2,PL2,42.33729,-83.55478,8/30/2016,Bee,Apidae,Apis,mellifera,APME,Female,9/28/2016,MF,5/18/2017,MZ,
4538,NA,1,PL16B2N,PL16B2N-57,2016,PL,2,PL2,42.33729,-83.55478,8/30/2016,Bee,Apidae,Apis,mellifera,APME,Female,9/28/2016,MF,7/31/2017,MZ,
4556,NA,1,PL16B2N,PL16B2N-75,2016,PL,2,PL2,42.33729,-83.55478,8/30/2016,Bee,Apidae,Bombus,impatiens,BOIM,Female,9/28/2016,MF,8/3/2017,MZ,
4490,NA,1,PL16A2N,PL16A2N-9,2016,PL,2,PL2,42.33729,-83.55478,8/30/2016,Bee,Apidae,Bombus,impatiens,BOIM,Female,9/28/2016,MF,5/2/2017,MZ,
2732,NA,1,SP16D1N,SP16D1N-79,2016,SP,1,SP1,42.6814978,-83.75498721,8/14/2016,Bee,Apidae,Apis,mellifera,APME,Female,12/5/2016,MF,7/6/2017,MZ,
2654,NA,1,SP16A1N,SP16A1N-1,2016,SP,1,SP1,42.6814978,-83.75498721,8/14/2016,Bee,Apidae,Apis,mellifera,APME,Female,11/16/2016,ECC,5/11/2017,MZ,
2777,NA,1,SP16D1N,SP16D1N-124,2016,SP,1,SP1,42.6814978,-83.75498721,8/14/2016,Bee,Apidae,Apis,mellifera,APME,Female,12/5/2016,MF,5/17/2017,MZ,
